{"cameraMode":{"drawMode":0,"name":"Shaded","section":"Shading Mode"},"sceneLighting":true,"audioPlay":false,"sceneViewState":{"showFog":true,"showMaterialUpdate":true,"showSkybox":true,"showFlares":true,"showImageEffects":true,"showParticleSystems":true},"in2DMode":false,"pivot":{"x":387.65484619140627,"y":60.72118377685547,"z":100.45221710205078},"rotation":{"x":-0.22643445432186128,"y":0.40987706184387209,"z":-0.10579905658960343,"w":-0.8772314190864563},"size":35.630470275878909,"orthographic":false}